ID,Pred
0,2021
1,2022
2,2023
3,2024
4,2025
5,2026
6,2027
7,2028
8,2029
9,2030
10,2031
11,2032
12,2033
13,2034
14,2035
15,2036
16,2037
17,2038
18,2039
19,2040
20,2041
21,2042
22,2043
23,2044
24,2045
25,2046
26,2047
27,2048
28,2049
29,2050
30,2051
31,2052
33,2053
34,2054
35,2055
36,2056
37,2057
38,2058
39,2059
40,2060
41,2061
43,2062
44,2063
45,2064
46,2065
47,2066
48,2067
49,2068
50,2069
51,2070
52,2071
53,2072
54,2073
55,2074
56,2075
57,2076
58,2077
59,2078
60,2079
61,2080
62,2081
63,2082
64,2083
65,2084
66,2085
67,2086
68,2087
69,2088
70,2089
71,2090
72,2091
73,2092
74,2093
75,2094
76,2095
77,2096
78,2097
79,2098
80,2099
81,2100
82,2101
83,2102
84,2103
85,2104
86,2105
87,2106
88,2107
89,2108
90,2109
91,2110
92,2111
93,2112
94,2113
95,2114
96,2115
97,2116
98,2117
99,2118
100,2119
101,2120
102,2121
103,2122
104,2123
105,2124
106,2125
107,2126
108,2127
109,2128
110,2129
111,2130
112,2131
113,2132
114,2133
115,2134
116,2135
117,2136
118,2137
119,2138
120,2139
121,2140
122,2141
123,2142
124,2143
125,2144
126,2145
127,2146
128,2147
129,2148
130,2149
131,2150
132,2151
133,2152
134,2153
135,2154
136,2155
137,2156
138,2157
139,2158
140,2159
141,2160
142,2161
143,2162
144,2163
145,2164
146,2165
147,2166
148,2167
149,2168
150,2169
151,2170
152,2171
153,2172
154,2173
155,2174
156,2175
157,2176
158,2177
159,2178
160,2179
161,2180
162,2181
163,2182
164,2183
165,2184
166,2185
167,2186
168,2187
169,2188
170,2189
171,2190
172,2191
173,2192
174,2193
175,2194
176,2195
177,2196
178,2197
179,2198
180,2199
181,2200
182,2201
183,2202
184,2203
185,2204
186,2205
187,2206
188,2207
189,2208
190,2209
191,2210
193,2211
194,2212
195,2213
196,2214
197,2215
198,2216
200,2217
201,2218
202,2219
203,2220
204,2221
205,2222
206,2223
207,2224
208,2225
209,2226
210,2227
211,2228
212,2229
213,2230
214,2231
215,2232
216,2233
217,2234
218,2235
219,2236
220,2237
221,2238
222,2239
223,2240
224,2241
225,2242
227,2243
228,2244
229,2245
230,2246
231,2247
232,2248
233,2249
234,2250
235,2251
236,2252
237,2253
238,2254
239,2255
241,2256
242,2257
243,2258
244,2259
245,2260
246,2261
247,2262
248,2263
249,2264
250,2265
251,2266
252,2267
253,2268
254,2269
255,2270
256,2271
257,2272
258,2273
259,2274
260,2275
261,2276
262,2277
263,2278
264,2279
265,2280
266,2281
267,2282
268,2283
269,2284
270,2285
271,2286
272,2287
273,2288
274,2289
275,2290
276,2291
277,2292
278,2293
279,2294
280,2295
281,2296
282,2297
283,2298
284,2299
285,2300
286,2301
287,2302
288,2303
289,2304
290,2305
291,2306
292,2307
293,2308
294,2309
295,2310
296,2311
297,2312
298,2313
299,2314
300,2315
301,2316
302,2317
303,2318
304,2319
305,2320
306,2321
307,2322
308,2323
309,2324
310,2325
311,2326
312,2327
313,2328
314,2329
315,2330
316,2331
317,2332
318,2333
319,2334
320,2335
321,2336
322,2337
323,2338
324,2339
325,2340
326,2341
327,2342
328,2343
329,2344
330,2345
331,2346
332,2347
333,2348
334,2349
335,2350
336,2351
337,2352
338,2353
339,2354
340,2355
341,2356
342,2357
343,2358
344,2359
345,2360
346,2361
347,2362
348,2363
349,2364
350,2365
351,2366
352,2367
353,2368
354,2369
355,2370
356,2371
357,2372
358,2373
359,2374
360,2375
361,2376
362,2377
363,2378
364,2379
365,2380
367,2381
368,2382
369,2383
370,2384
371,2385
372,2386
373,2387
374,2388
375,2389
376,2390
377,2391
378,2392
379,2393
380,2394
381,2395
382,2396
383,2397
384,2398
385,2399
386,2400
387,2401
388,2402
389,2403
390,2404
391,2405
392,2406
393,2407
394,2408
395,2409
396,2410
397,2411
398,2412
399,2413
400,2414
401,2415
402,2416
403,2417
404,2418
405,2419
407,2420
408,2421
409,2422
410,2423
411,2424
412,2425
413,2426
414,2427
415,2428
416,2429
417,2430
418,2431
419,2432
420,2433
421,2434
422,2435
423,2436
425,2437
426,2438
427,2439
428,2440
429,2441
430,2442
431,2443
432,2444
433,2445
434,2446
435,2447
436,2448
437,2449
438,2450
439,2451
440,2452
441,2453
442,2454
443,2455
444,2456
445,2457
446,2458
447,2459
448,2460
449,2461
450,2462
451,2463
452,2464
453,2465
454,2466
455,2467
456,2468
457,2469
458,2470
459,2471
460,2472
461,2473
462,2474
463,2475
464,2476
465,2477
466,2478
467,2479
468,2480
469,2481
470,2482
471,2483
473,2484
474,2485
475,2486
476,2487
477,2488
478,2489
479,2490
480,2491
481,2492
482,2493
483,2494
484,2495
485,2496
486,2497
487,2498
488,2499
489,2500
490,2501
491,2502
493,2503
494,2504
495,2505
496,2506
497,2507
498,2508
499,2509
500,2510
501,2511
502,2512
503,2513
504,2514
505,2515
506,2516
507,2517
508,2518
509,2519
510,2520
511,2521
512,2522
513,2523
514,2524
515,2525
516,2526
517,2527
518,2528
519,2529
520,2530
521,2531
522,2532
523,2533
524,2534
525,2535
526,2536
527,2537
528,2538
529,2539
530,2540
531,2541
532,2542
533,2543
534,2544
535,2545
536,2546
537,2547
538,2548
539,2549
540,2550
541,2551
542,2552
543,2553
544,2554
545,2555
546,2556
547,2557
548,2558
549,2559
550,2560
551,2561
553,2562
554,2563
555,2564
556,2565
557,2566
558,2567
559,2568
560,2569
561,2570
562,2571
563,2572
564,2573
565,2574
566,2575
567,2576
568,2577
569,2578
570,2579
571,2580
572,2581
573,2582
574,2583
575,2584
576,2585
577,2586
578,2587
579,2588
580,2589
581,2590
582,2591
583,2592
584,2593
585,2594
586,2595
587,2596
588,2597
589,2598
590,2599
591,2600
592,2601
593,2602
594,2603
595,2604
596,2605
597,2606
598,2607
599,2608
600,2609
601,2610
602,2611
603,2612
604,2613
605,2614
606,2615
607,2616
608,2617
609,2618
610,2619
611,2620
612,2621
613,2622
614,2623
615,2624
616,2625
617,2626
618,2627
619,2628
620,2629
621,2630
622,2631
623,2632
624,2633
625,2634
626,2635
627,2636
628,2637
629,2638
630,2639
631,2640
632,2641
633,2642
634,2643
635,2644
636,2645
637,2646
638,2647
639,2648
640,2649
641,2650
642,2651
643,2652
644,2653
645,2654
646,2655
647,2656
648,2657
649,2658
650,2659
651,2660
652,2661
653,2662
654,2663
655,2664
656,2665
657,2666
658,2667
659,2668
660,2669
662,2670
663,2671
664,2672
665,2673
667,2674
668,2675
669,2676
670,2677
671,2678
672,2679
673,2680
674,2681
675,2682
676,2683
677,2684
678,2685
679,2686
680,2687
681,2688
682,2689
683,2690
684,2691
685,2692
686,2693
687,2694
688,2695
689,2696
690,2697
691,2698
692,2699
693,2700
694,2701
695,2702
696,2703
697,2704
698,2705
699,2706
700,2707
701,2708
702,2709
703,2710
704,2711
705,2712
706,2713
707,2714
708,2715
709,2716
710,2717
711,2718
712,2719
713,2720
714,2721
715,2722
716,2723
717,2724
718,2725
719,2726
720,2727
721,2728
722,2729
723,2730
724,2731
725,2732
726,2733
727,2734
728,2735
729,2736
730,2737
731,2738
732,2739
733,2740
734,2741
735,2742
736,2743
737,2744
738,2745
739,2746
740,2747
741,2748
742,2749
743,2750
744,2751
745,2752
746,2753
747,2754
748,2755
749,2756
750,2757
751,2758
752,2759
753,2760
754,2761
755,2762
756,2763
757,2764
758,2765
759,2766
760,2767
761,2768
762,2769
763,2770
764,2771
765,2772
766,2773
767,2774
768,2775
769,2776
770,2777
771,2778
772,2779
773,2780
774,2781
775,2782
776,2783
777,2784
778,2785
779,2786
780,2787
781,2788
782,2789
783,2790
784,2791
785,2792
786,2793
787,2794
788,2795
789,2796
790,2797
791,2798
792,2799
793,2800
794,2801
795,2802
796,2803
797,2804
798,2805
799,2806
800,2807
801,2808
802,2809
803,2810
804,2811
805,2812
806,2813
807,2814
808,2815
809,2816
810,2817
811,2818
812,2819
813,2820
814,2821
815,2822
816,2823
817,2824
818,2825
819,2826
820,2827
821,2828
822,2829
823,2830
824,2831
825,2832
826,2833
827,2834
828,2835
829,2836
830,2837
831,2838
832,2839
833,2840
834,2841
835,2842
836,2843
837,2844
838,2845
839,2846
840,2847
841,2848
842,2849
843,2850
844,2851
845,2852
846,2853
847,2854
848,2855
849,2856
850,2857
851,2858
852,2859
853,2860
854,2861
855,2862
856,2863
857,2864
858,2865
859,2866
860,2867
861,2868
862,2869
863,2870
864,2871
865,2872
866,2873
867,2874
868,2875
869,2876
870,2877
871,2878
872,2879
873,2880
874,2881
875,2882
876,2883
877,2884
878,2885
879,2886
880,2887
881,2888
882,2889
883,2890
884,2891
885,2892
886,2893
887,2894
888,2895
889,2896
890,2897
891,2898
892,2899
893,2900
894,2901
895,2902
896,2903
897,2904
898,2905
899,2906
900,2907
901,2908
902,2909
903,2910
905,2911
906,2912
907,2913
908,2914
909,2915
910,2916
911,2917
912,2918
913,2919
914,2920
915,2921
916,2922
917,2923
918,2924
919,2925
920,2926
921,2927
922,2928
923,2929
924,2930
925,2931
926,2932
927,2933
928,2934
929,2935
930,2936
931,2937
932,2938
933,2939
934,2940
935,2941
936,2942
937,2943
938,2944
939,2945
940,2946
941,2947
942,2948
943,2949
944,2950
945,2951
946,2952
948,2953
949,2954
950,2955
951,2956
952,2957
953,2958
954,2959
955,2960
956,2961
957,2962
958,2963
959,2964
960,2965
961,2966
962,2967
963,2968
964,2969
965,2970
966,2971
967,2972
969,2973
970,2974
971,2975
972,2976
973,2977
974,2978
975,2979
976,2980
977,2981
978,2982
979,2983
980,2984
981,2985
982,2986
983,2987
984,2988
985,2989
986,2990
987,2991
988,2992
989,2993
990,2994
991,2995
992,2996
993,2997
994,2998
995,2999
996,3000
997,3001
998,3002
999,3003
1000,3004
1001,3005
1002,3006
1003,3007
1004,3008
1005,3009
1006,3010
1007,3011
1008,3012
1009,3013
1010,3014
1011,3015
1012,3016
1013,3017
1014,3018
1015,3019
1016,3020
1017,3021
1018,3022
1019,3023
1020,3024
1021,3025
1022,3026
1023,3027
1024,3028
1025,3029
1026,3030
1027,3031
1028,3032
1029,3033
1030,3034
1031,3035
1032,3036
1033,3037
1034,3038
1035,3039
1036,3040
1037,3041
1038,3042
1039,3043
1040,3044
1041,3045
1042,3046
1043,3047
1044,3048
1045,3049
1047,3050
1048,3051
1049,3052
1050,3053
1051,3054
1052,3055
1053,3056
1054,3057
1055,3058
1056,3059
1057,3060
1058,3061
1059,3062
1060,3063
1061,3064
1062,3065
1063,3066
1064,3067
1065,3068
1066,3069
1067,3070
1068,3071
1069,3072
1070,3073
1072,3074
1073,3075
1074,3076
1075,3077
1076,3078
1077,3079
1078,3080
1079,3081
1080,3082
1081,3083
1082,3084
1084,3085
1085,3086
1086,3087
1087,3088
1088,3089
1089,3090
1090,3091
1091,3092
1092,3093
1093,3094
1094,3095
1095,3096
1096,3097
1097,3098
1098,3099
1099,3100
1100,3101
1101,3102
1102,3103
1103,3104
1104,3105
1105,3106
1106,3107
1107,3108
1108,3109
1109,3110
1110,3111
1111,3112
1112,3113
1113,3114
1114,3115
1115,3116
1116,3117
1118,3118
1119,3119
1120,3120
1121,3121
1122,3122
1123,3123
1124,3124
1125,3125
1126,3126
1127,3127
1128,3128
1129,3129
1130,3130
1131,3131
1132,3132
1133,3133
1134,3134
1135,3135
1136,3136
1137,3137
1138,3138
1139,3139
1140,3140
1141,3141
1142,3142
1143,3143
1144,3144
1145,3145
1146,3146
1147,3147
1148,3148
1149,3149
1150,3150
1151,3151
1152,3152
1153,3153
1154,3154
1155,3155
1156,3156
1157,3157
1159,3158
1160,3159
1161,3160
1162,3161
1163,3162
1164,3163
1165,3164
1166,3165
1167,3166
1168,3167
1169,3168
1170,3169
1171,3170
1172,3171
1173,3172
1174,3173
1175,3174
1176,3175
1177,3176
1178,3177
1179,3178
1180,3179
1181,3180
1182,3181
1183,3182
1184,3183
1185,3184
1186,3185
1187,3186
1188,3187
1189,3188
1190,3189
1191,3190
1192,3191
1193,3192
1194,3193
1195,3194
1196,3195
1197,3196
1198,3197
1199,3198
1201,3199
1202,3200
1203,3201
1204,3202
1205,3203
1206,3204
1207,3205
1208,3206
1209,3207
1210,3208
1211,3209
1212,3210
1213,3211
1214,3212
1215,3213
1216,3214
1217,3215
1218,3216
1219,3217
1220,3218
1221,3219
1222,3220
1223,3221
1224,3222
1225,3223
1226,3224
1227,3225
1228,3226
1229,3227
1230,3228
1231,3229
1232,3230
1233,3231
1234,3232
1235,3233
1236,3234
1237,3235
1238,3236
1239,3237
1240,3238
1241,3239
1242,3240
1243,3241
1244,3242
1245,3243
1246,3244
1247,3245
1248,3246
1249,3247
1250,3248
1251,3249
1252,3250
1253,3251
1254,3252
1255,3253
1256,3254
1257,3255
1258,3256
1259,3257
1260,3258
1261,3259
1262,3260
1263,3261
1264,3262
1265,3263
1266,3264
1267,3265
1268,3266
1269,3267
1270,3268
1271,3269
1272,3270
1273,3271
1274,3272
1275,3273
1276,3274
1277,3275
1278,3276
1279,3277
1280,3278
1281,3279
1282,3280
1283,3281
1284,3282
1285,3283
1286,3284
1287,3285
1288,3286
1289,3287
1290,3288
1291,3289
1292,3290
1293,3291
1294,3292
1295,3293
1296,3294
1297,3295
1298,3296
1299,3297
1300,3298
1301,3299
1302,3300
1303,3301
1304,3302
1305,3303
1306,3304
1307,3305
1308,3306
1309,3307
1310,3308
1311,3309
1312,3310
1313,3311
1314,3312
1315,3313
1316,3314
1317,3315
1318,3316
1319,3317
1320,3318
1321,3319
1322,3320
1323,3321
1324,3322
1325,3323
1326,3324
1327,3325
1328,3326
1329,3327
1330,3328
1331,3329
1332,3330
1333,3331
1334,3332
1335,3333
1336,3334
1337,3335
1338,3336
1339,3337
1340,3338
1341,3339
1342,3340
1343,3341
1344,3342
1345,3343
1346,3344
1347,3345
1348,3346
1349,3347
1350,3348
1351,3349
1352,3350
1353,3351
1354,3352
1355,3353
1356,3354
1357,3355
1358,3356
1359,3357
1360,3358
1361,3359
1362,3360
1363,3361
1364,3362
1365,3363
1366,3364
1367,3365
1368,3366
1369,3367
1370,3368
1371,3369
1372,3370
1373,3371
1374,3372
1375,3373
1376,3374
1377,3375
1378,3376
1379,3377
1380,3378
1381,3379
1382,3380
1383,3381
1384,3382
1385,3383
1386,3384
1387,3385
1388,3386
1389,3387
1390,3388
1391,3389
1392,3390
1393,3391
1394,3392
1395,3393
1396,3394
1397,3395
1398,3396
1399,3397
1400,3398
1401,3399
1402,3400
1403,3401
1404,3402
1405,3403
1406,3404
1407,3405
1408,3406
1409,3407
1410,3408
1411,3409
1412,3410
1413,3411
1414,3412
1415,3413
1416,3414
1417,3415
1418,3416
1419,3417
1420,3418
1421,3419
1422,3420
1423,3421
1424,3422
1425,3423
1426,3424
1427,3425
1428,3426
1429,3427
1430,3428
1431,3429
1432,3430
1433,3431
1434,3432
1435,3433
1436,3434
1437,3435
1438,3436
1439,3437
1440,3438
1441,3439
1442,3440
1443,3441
1444,3442
1445,3443
1446,3444
1447,3445
1448,3446
1449,3447
1450,3448
1451,3449
1452,3450
1453,3451
1454,3452
1455,3453
1456,3454
1457,3455
1458,3456
1459,3457
1460,3458
1461,3459
1462,3460
1464,3461
1465,3462
1466,3463
1467,3464
1468,3465
1469,3466
1470,3467
1471,3468
1472,3469
1473,3470
1474,3471
1475,3472
1476,3473
1477,3474
1478,3475
1479,3476
1480,3477
1481,3478
1482,3479
1483,3480
1484,3481
1485,3482
1486,3483
1487,3484
1488,3485
1489,3486
1490,3487
1491,3488
1492,3489
1493,3490
1494,3491
1495,3492
1496,3493
1497,3494
1498,3495
1499,3496
1500,3497
1501,3498
1502,3499
1503,3500
1504,3501
1505,3502
1506,3503
1507,3504
1508,3505
1509,3506
1510,3507
1511,3508
1512,3509
1513,3510
1514,3511
1515,3512
1516,3513
1517,3514
1518,3515
1519,3516
1521,3517
1522,3518
1523,3519
1524,3520
1525,3521
1526,3522
1527,3523
1528,3524
1529,3525
1530,3526
1531,3527
1532,3528
1533,3529
1534,3530
1535,3531
1536,3532
1537,3533
1538,3534
1539,3535
1540,3536
1541,3537
1542,3538
1543,3539
1544,3540
1545,3541
1546,3542
1547,3543
1548,3544
1549,3545
1550,3546
1551,3547
1552,3548
1553,3549
1554,3550
1555,3551
1556,3552
1557,3553
1558,3554
1559,3555
1560,3556
1561,3557
1562,3558
1563,3559
1564,3560
1565,3561
1566,3562
1567,3563
1568,3564
1569,3565
1570,3566
1571,3567
1572,3568
1573,3569
1574,3570
1575,3571
1576,3572
1577,3573
1578,3574
1579,3575
1580,3576
1581,3577
1582,3578
1583,3579
1584,3580
1585,3581
1586,3582
1587,3583
1588,3584
1589,3585
1590,3586
1591,3587
1592,3588
1593,3589
1594,3590
1595,3591
1596,3592
1597,3593
1598,3594
1599,3595
1600,3596
1601,3597
1602,3598
1603,3599
1604,3600
1605,3601
1606,3602
1607,3603
1608,3604
1609,3605
1610,3606
1611,3607
1612,3608
1613,3609
1614,3610
1615,3611
1616,3612
1617,3613
1618,3614
1619,3615
1620,3616
1621,3617
1622,3618
1623,3619
1624,3620
1625,3621
1626,3622
1627,3623
1628,3624
1629,3625
1630,3626
1631,3627
1632,3628
1633,3629
1634,3630
1635,3631
1636,3632
1637,3633
1638,3634
1639,3635
1640,3636
1641,3637
1642,3638
1643,3639
1644,3640
1645,3641
1646,3642
1647,3643
1648,3644
1649,3645
1650,3646
1651,3647
1652,3648
1653,3649
1654,3650
1655,3651
1656,3652
1657,3653
1658,3654
1659,3655
1660,3656
1661,3657
1662,3658
1663,3659
1664,3660
1665,3661
1666,3662
1667,3663
1668,3664
1669,3665
1670,3666
1671,3667
1672,3668
1673,3669
1674,3670
1675,3671
1677,3672
1678,3673
1679,3674
1680,3675
1681,3676
1682,3677
1683,3678
1684,3679
1685,3680
1686,3681
1687,3682
1688,3683
1689,3684
1690,3685
1691,3686
1692,3687
1693,3688
1694,3689
1695,3690
1696,3691
1697,3692
1698,3693
1699,3694
1700,3695
1701,3696
1702,3697
1703,3698
1704,3699
1705,3700
1706,3701
1707,3702
1708,3703
1709,3704
1710,3705
1711,3706
1712,3707
1713,3708
1714,3709
1715,3710
1716,3711
1717,3712
1718,3713
1719,3714
1720,3715
1721,3716
1722,3717
1723,3718
1724,3719
1725,3720
1726,3721
1727,3722
1728,3723
1729,3724
1730,3725
1731,3726
1732,3727
1733,3728
1734,3729
1735,3730
1736,3731
1737,3732
1738,3733
1739,3734
1740,3735
1741,3736
1742,3737
1743,3738
1744,3739
1745,3740
1746,3741
1747,3742
1748,3743
1749,3744
1750,3745
1751,3746
1752,3747
1753,3748
1754,3749
1755,3750
1756,3751
1757,3752
1758,3753
1759,3754
1760,3755
1761,3756
1762,3757
1763,3758
1764,3759
1765,3760
1766,3761
1767,3762
1768,3763
1769,3764
1771,3765
1772,3766
1773,3767
1774,3768
1775,3769
1776,3770
1777,3771
1778,3772
1779,3773
1780,3774
1781,3775
1782,3776
1783,3777
1784,3778
1785,3779
1786,3780
1787,3781
1788,3782
1789,3783
1790,3784
1791,3785
1792,3786
1793,3787
1794,3788
1795,3789
1796,3790
1797,3791
1798,3792
1799,3793
1800,3794
1801,3795
1802,3796
1803,3797
1804,3798
1805,3799
1806,3800
1807,3801
1808,3802
1809,3803
1810,3804
1811,3805
1812,3806
1813,3807
1814,3808
1815,3809
1816,3810
1817,3811
1818,3812
1819,3813
1820,3814
1821,3815
1822,3816
1823,3817
1824,3818
1825,3819
1826,3820
1827,3821
1828,3822
1829,3823
1830,3824
1831,3825
1832,3826
1833,3827
1834,3828
1835,3829
1836,3830
1837,3831
1838,3832
1839,3833
1840,3834
1841,3835
1842,3836
1843,3837
1844,3838
1845,3839
1846,3840
1847,3841
1848,3842
1849,3843
1850,3844
1851,3845
1852,3846
1853,3847
1854,3848
1855,3849
1856,3850
1857,3851
1858,3852
1859,3853
1860,3854
1861,3855
1862,3856
1863,3857
1864,3858
1865,3859
1866,3860
1867,3861
1868,3862
1869,3863
1870,3864
1871,3865
1872,3866
1873,3867
1874,3868
1875,3869
1876,3870
1877,3871
1878,3872
1879,3873
1880,3874
1881,3875
1882,3876
1883,3877
1884,3878
1885,3879
1886,3880
1887,3881
1888,3882
1889,3883
1890,3884
1891,3885
1892,3886
1893,3887
1894,3888
1895,3889
1896,3890
1897,3891
1898,3892
1899,3893
1900,3894
1901,3895
1902,3896
1903,3897
1904,3898
1905,3899
1906,3900
1907,3901
1908,3902
1909,3903
1910,3904
1911,3905
1912,3906
1913,3907
1914,3908
1915,3909
1916,3910
1917,3911
1918,3912
1919,3913
1920,3914
1921,3915
1922,3916
1923,3917
1924,3918
1925,3919
1926,3920
1927,3921
1928,3922
1929,3923
1930,3924
1931,3925
1932,3926
1933,3927
1934,3928
1935,3929
1936,3930
1937,3931
1938,3932
1939,3933
1940,3934
1941,3935
1942,3936
1943,3937
1944,3938
1945,3939
1946,3940
1947,3941
1948,3942
1949,3943
1950,3944
1951,3945
1952,3946
1953,3947
1954,3948
1955,3949
1956,3950
1957,3951
1958,3952
1959,3953
1960,3954
1961,3955
1962,3956
1963,3957
1964,3958
1965,3959
1966,3960
1967,3961
1968,3962
1969,3963
1970,3964
1971,3965
1972,3966
1973,3967
1974,3968
1975,3969
1976,3970
1977,3971
1978,3972
1979,3973
1980,3974
1981,3975
1982,3976
1983,3977
1984,3978
1985,3979
1986,3980
1988,3981
1989,3982
1990,3983
1991,3984
1992,3985
1993,3986
1994,3987
1995,3988
1996,3989
1997,3990
1998,3991
1999,3992
2000,3993
2001,3994
2002,3995
2003,3996
2004,3997
2005,3998
2006,3999
2007,4000
2008,4001
2009,4002
2010,4003
2011,4004
2012,4005
2013,4006
2014,4007
2015,4008
2016,4009
2017,4010
2018,4011
2020,4012
2021,4013
2022,4014
2023,4015
2025,4016
2026,4017
2027,4018
2028,4019
2029,4020
2030,4021
2031,4022
2032,4023
2033,4024
2034,4025
2035,4026
2036,4027
2037,4028
2038,4029
2039,4030
2040,4031
2041,4032
2042,4033
2043,4034
2044,4035
2045,4036
2046,4037
2047,4038
2048,4039
2049,4040
2050,4041
2051,4042
2052,4043
2053,4044
2054,4045
2056,4046
2057,4047
2058,4048
2059,4049
2060,4050
2061,4051
2062,4052
2063,4053
2064,4054
2065,4055
2066,4056
2067,4057
2068,4058
2069,4059
2070,4060
2071,4061
2072,4062
2073,4063
2074,4064
2075,4065
2076,4066
2077,4067
2078,4068
2079,4069
2080,4070
2081,4071
2083,4072
2084,4073
2085,4074
2086,4075
2087,4076
2088,4077
2089,4078
2090,4079
2091,4080
2092,4081
2093,4082
2094,4083
2095,4084
2096,4085
2097,4086
2098,4087
2099,4088
2100,4089
2101,4090
2102,4091
2103,4092
2104,4093
2105,4094
2106,4095
2107,4096
2108,4097
2109,4098
2110,4099
2111,4100
2112,4101
2113,4102
2114,4103
2115,4104
2116,4105
2117,4106
2118,4107
2119,4108
2120,4109
2121,4110
2122,4111
2123,4112
2124,4113
2125,4114
2126,4115
2127,4116
2128,4117
2129,4118
2130,4119
2131,4120
2132,4121
2133,4122
2134,4123
2135,4124
2136,4125
2137,4126
2138,4127
2139,4128
2140,4129
2141,4130
2142,4131
2143,4132
2144,4133
2145,4134
2146,4135
2147,4136
2148,4137
2149,4138
2150,4139
2151,4140
2152,4141
2153,4142
2154,4143
2155,4144
2156,4145
2157,4146
2158,4147
2159,4148
2160,4149
2161,4150
2162,4151
2163,4152
2164,4153
2165,4154
2166,4155
2167,4156
2168,4157
2169,4158
2170,4159
2171,4160
2172,4161
2173,4162
2174,4163
2175,4164
2176,4165
2177,4166
2178,4167
2179,4168
2180,4169
2181,4170
2182,4171
2183,4172
2184,4173
2185,4174
2186,4175
2187,4176
2188,4177
2189,4178
2190,4179
2191,4180
2192,4181
2193,4182
2194,4183
2195,4184
2196,4185
2197,4186
2198,4187
2199,4188
2200,4189
2201,4190
2202,4191
2203,4192
2204,4193
2205,4194
2206,4195
2207,4196
2208,4197
2209,4198
2210,4199
2211,4200
2212,4201
2213,4202
2214,4203
2215,4204
2216,4205
2217,4206
2218,4207
2219,4208
2220,4209
2221,4210
2222,4211
2223,4212
2224,4213
2225,4214
2226,4215
2227,4216
2228,4217
2229,4218
2230,4219
2231,4220
2232,4221
2233,4222
2235,4223
2236,4224
2237,4225
2238,4226
2239,4227
2240,4228
2241,4229
2242,4230
2243,4231
2244,4232
2245,4233
2246,4234
2247,4235
2248,4236
2249,4237
2250,4238
2251,4239
2252,4240
2253,4241
2254,4242
2255,4243
2256,4244
2257,4245
2258,4246
2259,4247
2260,4248
2261,4249
2262,4250
2263,4251
2264,4252
2265,4253
2266,4254
2267,4255
2268,4256
2269,4257
2270,4258
2271,4259
2272,4260
2273,4261
2274,4262
2275,4263
2276,4264
2277,4265
2278,4266
2279,4267
2280,4268
2281,4269
2282,4270
2283,4271
2284,4272
2285,4273
2286,4274
2287,4275
2288,4276
2289,4277
2290,4278
2291,4279
2292,4280
2293,4281
2294,4282
2295,4283
2296,4284
2297,4285
2298,4286
2299,4287
2300,4288
2301,4289
2302,4290
2303,4291
2304,4292
2305,4293
2306,4294
2307,4295
2308,4296
2309,4297
2310,4298
2311,4299
2312,4300
2313,4301
2314,4302
2315,4303
2316,4304
2317,4305
2318,4306
2319,4307
2320,4308
2321,4309
2322,4310
2323,4311
2324,4312
2325,4313
2326,4314
2327,4315
2328,4316
2329,4317
2330,4318
2331,4319
2332,4320
2333,4321
2334,4322
2335,4323
2336,4324
2337,4325
2338,4326
2339,4327
2340,4328
2341,4329
2342,4330
2343,4331
2344,4332
2345,4333
2346,4334
2347,4335
2348,4336
2349,4337
2350,4338
2351,4339
2352,4340
2353,4341
2354,4342
2355,4343
2356,4344
2357,4345
2358,4346
2359,4347
2360,4348
2361,4349
2362,4350
2363,4351
2364,4352
2365,4353
2366,4354
2367,4355
2368,4356
2369,4357
2370,4358
2372,4359
2373,4360
2374,4361
2375,4362
2376,4363
2377,4364
2378,4365
2379,4366
2380,4367
2381,4368
2382,4369
2383,4370
2384,4371
2385,4372
2386,4373
2387,4374
2388,4375
2389,4376
2390,4377
2391,4378
2392,4379
2393,4380
2394,4381
2395,4382
2396,4383
2397,4384
2399,4385
2400,4386
2401,4387
2402,4388
2403,4389
2404,4390
2405,4391
2406,4392
2407,4393
2408,4394
2409,4395
2410,4396
2411,4397
2412,4398
2413,4399
2414,4400
2415,4401
2416,4402
2417,4403
2418,4404
2419,4405
2420,4406
2421,4407
2422,4408
2423,4409
2424,4410
2425,4411
2426,4412
2427,4413
2428,4414
2429,4415
2430,4416
2431,4417
2432,4418
2433,4419
2434,4420
2435,4421
2436,4422
2437,4423
2438,4424
2439,4425
2440,4426
2441,4427
2442,4428
2443,4429
2444,4430
2445,4431
2446,4432
2447,4433
2448,4434
2449,4435
2450,4436
2451,4437
2452,4438
2453,4439
2455,4440
2456,4441
2457,4442
2458,4443
2459,4444
2460,4445
2461,4446
2462,4447
2463,4448
2464,4449
2465,4450
2466,4451
2467,4452
2468,4453
2469,4454
2470,4455
2471,4456
2472,4457
2473,4458
2474,4459
2476,4460
2477,4461
2478,4462
2479,4463
2480,4464
2481,4465
2482,4466
2483,4467
2485,4468
2486,4469
2487,4470
2488,4471
2489,4472
2490,4473
2491,4474
2492,4475
2493,4476
2494,4477
2495,4478
2496,4479
2497,4480
2498,4481
2499,4482
2500,4483
2501,4484
2502,4485
2503,4486
2504,4487
2505,4488
2506,4489
2507,4490
2508,4491
2509,4492
2510,4493
2511,4494
2512,4495
2513,4496
2514,4497
2515,4498
2516,4499
2517,4500
2518,4501
2519,4502
2520,4503
2521,4504
2522,4505
2523,4506
2524,4507
2525,4508
2526,4509
2527,4510
2528,4511
2529,4512
2530,4513
2531,4514
2532,4515
2533,4516
2534,4517
2535,4518
2536,4519
2537,4520
2538,4521
2539,4522
2540,4523
2541,4524
2542,4525
2543,4526
2544,4527
2545,4528
2546,4529
2547,4530
2548,4531
2549,4532
2551,4533
2552,4534
2553,4535
2554,4536
2555,4537
2556,4538
2557,4539
2558,4540
2559,4541
2560,4542
2561,4543
2562,4544
2563,4545
2564,4546
2566,4547
2567,4548
2568,4549
2569,4550
2570,4551
2571,4552
2572,4553
2573,4554
2574,4555
2575,4556
2576,4557
2577,4558
2578,4559
2579,4560
2580,4561
2581,4562
2582,4563
2583,4564
2584,4565
2585,4566
2586,4567
2587,4568
2588,4569
2589,4570
2590,4571
2591,4572
2592,4573
2593,4574
2594,4575
2595,4576
2596,4577
2597,4578
2598,4579
2599,4580
2600,4581
2601,4582
2602,4583
2603,4584
2604,4585
2605,4586
2606,4587
2607,4588
2608,4589
2609,4590
2610,4591
2611,4592
2612,4593
2613,4594
2614,4595
2615,4596
2616,4597
2617,4598
2618,4599
2619,4600
2620,4601
2621,4602
2622,4603
2623,4604
2624,4605
2625,4606
2626,4607
2627,4608
2628,4609
2629,4610
2630,4611
2631,4612
2632,4613
2633,4614
2634,4615
2635,4616
2636,4617
2637,4618
2638,4619
2639,4620
2640,4621
2641,4622
2642,4623
2643,4624
2644,4625
2645,4626
2646,4627
2647,4628
2648,4629
2649,4630
2650,4631
2651,4632
2652,4633
2653,4634
2654,4635
2655,4636
2656,4637
2657,4638
2658,4639
2659,4640
2660,4641
2661,4642
2662,4643
2663,4644
2664,4645
2665,4646
2666,4647
2667,4648
2668,4649
2669,4650
2670,4651
2671,4652
2672,4653
2673,4654
2674,4655
2675,4656
2676,4657
2677,4658
2678,4659
2679,4660
2680,4661
2681,4662
2682,4663
2683,4664
2684,4665
2685,4666
2686,4667
2687,4668
2688,4669
2689,4670
2690,4671
2691,4672
2692,4673
2693,4674
2694,4675
2695,4676
2696,4677
2697,4678
2698,4679
2699,4680
2700,4681
2701,4682
2702,4683
2703,4684
2704,4685
2705,4686
2706,4687
2707,4688
2708,4689
2709,4690
2710,4691
2711,4692
2712,4693
2713,4694
2714,4695
2715,4696
2716,4697
2717,4698
2718,4699
2719,4700
2720,4701
2721,4702
2722,4703
2723,4704
2724,4705
2725,4706
2726,4707
2727,4708
2728,4709
2729,4710
2730,4711
2731,4712
2732,4713
2733,4714
2734,4715
2735,4716
2736,4717
2737,4718
2738,4719
2739,4720
2741,4721
2742,4722
2743,4723
2744,4724
2745,4725
2746,4726
2747,4727
2748,4728
2749,4729
2750,4730
2751,4731
2752,4732
2754,4733
2755,4734
2756,4735
2757,4736
2758,4737
2759,4738
2760,4739
2761,4740
2762,4741
2763,4742
2764,4743
2765,4744
2766,4745
2767,4746
2768,4747
2769,4748
2770,4749
2772,4750
2773,4751
2774,4752
2775,4753
2776,4754
2777,4755
2778,4756
2779,4757
2780,4758
2781,4759
2782,4760
2783,4761
2784,4762
2785,4763
2786,4764
2787,4765
2788,4766
2789,4767
2790,4768
2791,4769
2792,4770
2793,4771
2794,4772
2795,4773
2796,4774
2797,4775
2798,4776
2799,4777
2800,4778
2801,4779
2802,4780
2803,4781
2804,4782
2805,4783
2806,4784
2807,4785
2808,4786
2809,4787
2810,4788
2811,4789
2812,4790
2813,4791
2814,4792
2815,4793
2816,4794
2817,4795
2818,4796
2819,4797
2820,4798
2821,4799
2822,4800
2823,4801
2824,4802
2825,4803
2826,4804
2827,4805
2828,4806
2829,4807
2830,4808
2831,4809
2832,4810
2833,4811
2834,4812
2835,4813
2836,4814
2838,4815
2839,4816
2840,4817
2841,4818
2842,4819
2843,4820
2844,4821
2845,4822
2846,4823
2847,4824
2848,4825
2849,4826
2850,4827
2851,4828
2852,4829
2853,4830
2854,4831
2855,4832
2856,4833
2857,4834
2858,4835
2859,4836
2860,4837
2861,4838
2862,4839
2863,4840
2864,4841
2865,4842
2866,4843
2867,4844
2868,4845
2869,4846
2870,4847
2871,4848
2872,4849
2873,4850
2874,4851
2875,4852
2876,4853
2877,4854
2878,4855
2879,4856
2880,4857
2881,4858
2882,4859
2883,4860
2884,4861
2885,4862
2886,4863
2887,4864
2888,4865
2889,4866
2890,4867
2891,4868
2892,4869
2893,4870
2894,4871
2895,4872
2896,4873
2897,4874
2898,4875
2899,4876
2900,4877
2901,4878
2902,4879
2903,4880
2904,4881
2906,4882
2907,4883
2908,4884
2909,4885
2910,4886
2911,4887
2912,4888
2913,4889
2914,4890
2915,4891
2916,4892
2917,4893
2918,4894
2919,4895
2920,4896
2921,4897
2922,4898
2923,4899
2924,4900
2925,4901
2926,4902
2927,4903
2928,4904
2929,4905
2930,4906
2931,4907
2932,4908
2933,4909
2934,4910
2935,4911
2936,4912
2937,4913
2938,4914
2939,4915
2940,4916
2941,4917
2942,4918
2943,4919
2944,4920
2945,4921
2946,4922
2947,4923
2948,4924
2949,4925
2950,4926
2951,4927
2952,4928
2953,4929
2954,4930
2955,4931
2956,4932
2957,4933
2958,4934
2959,4935
2960,4936
2961,4937
2962,4938
2963,4939
2964,4940
2965,4941
2966,4942
2967,4943
2968,4944
2970,4945
2971,4946
2972,4947
2973,4948
2975,4949
2976,4950
2977,4951
2978,4952
2979,4953
2980,4954
2981,4955
2982,4956
2983,4957
2984,4958
2985,4959
2986,4960
2987,4961
2988,4962
2989,4963
2990,4964
2991,4965
2992,4966
2993,4967
2994,4968
2995,4969
2996,4970
2997,4971
2998,4972
2999,4973
3000,4974
3001,4975
3002,4976
3003,4977
3004,4978
3005,4979
3006,4980
3007,4981
3008,4982
3009,4983
3010,4984
3011,4985
3012,4986
3013,4987
3014,4988
3015,4989
3016,4990
3017,4991
3018,4992
3019,4993
3020,4994
3021,4995
3022,4996
3023,4997
3024,4998
3025,4999
3026,5000
3027,5001
3028,5002
3029,5003
3030,5004
3031,5005
3032,5006
3033,5007
3034,5008
3035,5009
3036,5010
3037,5011
3038,5012
3039,5013
3040,5014
3041,5015
3042,5016
3043,5017
3044,5018
3045,5019
3046,5020
3047,5021
3048,5022
3049,5023
3050,5024
3051,5025
3052,5026
3053,5027
3054,5028
3055,5029
3056,5030
3057,5031
3058,5032
3059,5033
3060,5034
3061,5035
3062,5036
3063,5037
3064,5038
3065,5039
3066,5040
3067,5041
3068,5042
3069,5043
3070,5044
3071,5045
3072,5046
3073,5047
3074,5048
3075,5049
3077,5050
3078,5051
3079,5052
3080,5053
3081,5054
3082,5055
3083,5056
3084,5057
3085,5058
3086,5059
3087,5060
3088,5061
3089,5062
3090,5063
3091,5064
3092,5065
3093,5066
3094,5067
3095,5068
3096,5069
3097,5070
3098,5071
3099,5072
3100,5073
3101,5074
3102,5075
3103,5076
3104,5077
3105,5078
3106,5079
3107,5080
3108,5081
3109,5082
3110,5083
3111,5084
3112,5085
3114,5086
3115,5087
3116,5088
3117,5089
3118,5090
3119,5091
3120,5092
3121,5093
3122,5094
3123,5095
3124,5096
3125,5097
3126,5098
3127,5099
3128,5100
3129,5101
3130,5102
3131,5103
3132,5104
3133,5105
3134,5106
3135,5107
3136,5108
3137,5109
3138,5110
3139,5111
3140,5112
3141,5113
3142,5114
3143,5115
3144,5116
3145,5117
3146,5118
3147,5119
3148,5120
3149,5121
3150,5122
3151,5123
3152,5124
3153,5125
3154,5126
3155,5127
3156,5128
3157,5129
3158,5130
3159,5131
3160,5132
3161,5133
3162,5134
3163,5135
3164,5136
3165,5137
3166,5138
3167,5139
3168,5140
3169,5141
3170,5142
3171,5143
3172,5144
3173,5145
3174,5146
3175,5147
3176,5148
3177,5149
3178,5150
3179,5151
3180,5152
3181,5153
3182,5154
3183,5155
3184,5156
3185,5157
3186,5158
3187,5159
3188,5160
3189,5161
3190,5162
3191,5163
3192,5164
3193,5165
3194,5166
3195,5167
3196,5168
3197,5169
3198,5170
3199,5171
3200,5172
3201,5173
3202,5174
3203,5175
3204,5176
3205,5177
3206,5178
3207,5179
3208,5180
3209,5181
3210,5182
3211,5183
3212,5184
3213,5185
3214,5186
3215,5187
3216,5188
3217,5189
3218,5190
3219,5191
3220,5192
3221,5193
3222,5194
3223,5195
3224,5196
3225,5197
3226,5198
3227,5199
3228,5200
3229,5201
3230,5202
3231,5203
3232,5204
3233,5205
3234,5206
3235,5207
3236,5208
3237,5209
3238,5210
3239,5211
3240,5212
3241,5213
3242,5214
3243,5215
3244,5216
3245,5217
3246,5218
3247,5219
3249,5220
3250,5221
3251,5222
3252,5223
3253,5224
3254,5225
3255,5226
3256,5227
3257,5228
3258,5229
3259,5230
3260,5231
3261,5232
3262,5233
3263,5234
3264,5235
3265,5236
3266,5237
3267,5238
3268,5239
3269,5240
3270,5241
3271,5242
3272,5243
3273,5244
3274,5245
3275,5246
3276,5247
3277,5248
3278,5249
3279,5250
3280,5251
3281,5252
3282,5253
3283,5254
3284,5255
3285,5256
3286,5257
3287,5258
3288,5259
3289,5260
3290,5261
3291,5262
3292,5263
3293,5264
3294,5265
3295,5266
3296,5267
3297,5268
3298,5269
3299,5270
3301,5271
3302,5272
3303,5273
3304,5274
3305,5275
3306,5276
3307,5277
3308,5278
3309,5279
3310,5280
3311,5281
3312,5282
3313,5283
3314,5284
3315,5285
3316,5286
3317,5287
3318,5288
3319,5289
3320,5290
3321,5291
3322,5292
3323,5293
3324,5294
3325,5295
3326,5296
3327,5297
3328,5298
3329,5299
3330,5300
3331,5301
3332,5302
3333,5303
3334,5304
3335,5305
3336,5306
3337,5307
3338,5308
3339,5309
3340,5310
3341,5311
3342,5312
3343,5313
3344,5314
3345,5315
3346,5316
3347,5317
3348,5318
3349,5319
3350,5320
3351,5321
3352,5322
3353,5323
3354,5324
3355,5325
3356,5326
3357,5327
3358,5328
3359,5329
3360,5330
3361,5331
3362,5332
3363,5333
3364,5334
3365,5335
3366,5336
3368,5337
3369,5338
3370,5339
3371,5340
3372,5341
3373,5342
3374,5343
3375,5344
3376,5345
3377,5346
3378,5347
3379,5348
3380,5349
3381,5350
3383,5351
3384,5352
3385,5353
3386,5354
3387,5355
3388,5356
3389,5357
3390,5358
3391,5359
3392,5360
3393,5361
3394,5362
3395,5363
3396,5364
3397,5365
3399,5366
3400,5367
3401,5368
3402,5369
3403,5370
3404,5371
3405,5372
3406,5373
3407,5374
3408,5375
3409,5376
3410,5377
3411,5378
3412,5379
3413,5380
3414,5381
3415,5382
3416,5383
3417,5384
3418,5385
3419,5386
3420,5387
3421,5388
3422,5389
3423,5390
3424,5391
3425,5392
3426,5393
3427,5394
3428,5395
3429,5396
3430,5397
3431,5398
3432,5399
3433,5400
3434,5401
3435,5402
3436,5403
3437,5404
3438,5405
3439,5406
3440,5407
3441,5408
3442,5409
3443,5410
3444,5411
3445,5412
3446,5413
3447,5414
3448,5415
3449,5416
3451,5417
3452,5418
3453,5419
3454,5420
3455,5421
3456,5422
3457,5423
3458,5424
3459,5425
3460,5426
3461,5427
3462,5428
3463,5429
3464,5430
3465,5431
3466,5432
3467,5433
3468,5434
3469,5435
3470,5436
3471,5437
3472,5438
3473,5439
3474,5440
3476,5441
3477,5442
3478,5443
3479,5444
3480,5445
3481,5446
3482,5447
3483,5448
3484,5449
3485,5450
3486,5451
3487,5452
3488,5453
3489,5454
3490,5455
3491,5456
3493,5457
3494,5458
3495,5459
3496,5460
3497,5461
3498,5462
3499,5463
3500,5464
3501,5465
3502,5466
3503,5467
3504,5468
3505,5469
3506,5470
3507,5471
3508,5472
3509,5473
3510,5474
3511,5475
3512,5476
3513,5477
3514,5478
3515,5479
3516,5480
3517,5481
3518,5482
3519,5483
3520,5484
3521,5485
3522,5486
3523,5487
3524,5488
3525,5489
3526,5490
3527,5491
3528,5492
3529,5493
3530,5494
3531,5495
3532,5496
3533,5497
3534,5498
3535,5499
3536,5500
3537,5501
3538,5502
3539,5503
3540,5504
3541,5505
3542,5506
3544,5507
3545,5508
3546,5509
3547,5510
3548,5511
3549,5512
3550,5513
3551,5514
3552,5515
3553,5516
3554,5517
3555,5518
3556,5519
3557,5520
3558,5521
3559,5522
3560,5523
3561,5524
3562,5525
3563,5526
3564,5527
3565,5528
3566,5529
3567,5530
3568,5531
3569,5532
3570,5533
3571,5534
3572,5535
3573,5536
3574,5537
3575,5538
3576,5539
3577,5540
3578,5541
3579,5542
3580,5543
3581,5544
3582,5545
3583,5546
3584,5547
3585,5548
3586,5549
3587,5550
3588,5551
3589,5552
3590,5553
3591,5554
3592,5555
3593,5556
3594,5557
3595,5558
3596,5559
3597,5560
3598,5561
3599,5562
3600,5563
3601,5564
3602,5565
3603,5566
3604,5567
3605,5568
3606,5569
3607,5570
3608,5571
3609,5572
3610,5573
3611,5574
3612,5575
3613,5576
3614,5577
3615,5578
3616,5579
3617,5580
3618,5581
3619,5582
3620,5583
3621,5584
3622,5585
3623,5586
3624,5587
3625,5588
3626,5589
3627,5590
3628,5591
3629,5592
3630,5593
3631,5594
3632,5595
3633,5596
3634,5597
3635,5598
3636,5599
3637,5600
3639,5601
3640,5602
3641,5603
3642,5604
3643,5605
3645,5606
3646,5607
3647,5608
3648,5609
3649,5610
3650,5611
3651,5612
3652,5613
3653,5614
3654,5615
3655,5616
3656,5617
3657,5618
3658,5619
3659,5620
3660,5621
3661,5622
3662,5623
3663,5624
3664,5625
3665,5626
3666,5627
3668,5628
3669,5629
3670,5630
3671,5631
3672,5632
3673,5633
3674,5634
3675,5635
3676,5636
3677,5637
3678,5638
3679,5639
3680,5640
3681,5641
3682,5642
3683,5643
3684,5644
3685,5645
3686,5646
3687,5647
3688,5648
3689,5649
3690,5650
3691,5651
3692,5652
3693,5653
3694,5654
3695,5655
3696,5656
3697,5657
3698,5658
3699,5659
3700,5660
3701,5661
3702,5662
3703,5663
3704,5664
3705,5665
3706,5666
3707,5667
3708,5668
3709,5669
3710,5670
3711,5671
3712,5672
3713,5673
3714,5674
3715,5675
3716,5676
3717,5677
3718,5678
3719,5679
3720,5680
3721,5681
3722,5682
3723,5683
3724,5684
3725,5685
3726,5686
3727,5687
3728,5688
3729,5689
3730,5690
3731,5691
3732,5692
3733,5693
3734,5694
3735,5695
3736,5696
3737,5697
3738,5698
3739,5699
3740,5700
3741,5701
3742,5702
3743,5703
3744,5704
3745,5705
3746,5706
3747,5707
3748,5708
3749,5709
3750,5710
3751,5711
3752,5712
3753,5713
3754,5714
3755,5715
3756,5716
3757,5717
3758,5718
3759,5719
3760,5720
3761,5721
3762,5722
3763,5723
3764,5724
3765,5725
3766,5726
3767,5727
3768,5728
3769,5729
3770,5730
3771,5731
3772,5732
3773,5733
3774,5734
3775,5735
3776,5736
3777,5737
3778,5738
3779,5739
3780,5740
3781,5741
3782,5742
3783,5743
3784,5744
3785,5745
3786,5746
3787,5747
3788,5748
3789,5749
3790,5750
3791,5751
3792,5752
3793,5753
3794,5754
3795,5755
3796,5756
3797,5757
3798,5758
3799,5759
3800,5760
3801,5761
3802,5762
3803,5763
3804,5764
3805,5765
3806,5766
3807,5767
3808,5768
3809,5769
3810,5770
3811,5771
3812,5772
3813,5773
3814,5774
3815,5775
3816,5776
3817,5777
3818,5778
3819,5779
3820,5780
3821,5781
3822,5782
3823,5783
3824,5784
3825,5785
3826,5786
3827,5787
3828,5788
3829,5789
3830,5790
3831,5791
3832,5792
3833,5793
3834,5794
3836,5795
3837,5796
3838,5797
3840,5798
3841,5799
3842,5800
3843,5801
3844,5802
3845,5803
3846,5804
3847,5805
3848,5806
3849,5807
3850,5808
3851,5809
3852,5810
3853,5811
3854,5812
3855,5813
3856,5814
3858,5815
3859,5816
3860,5817
3861,5818
3862,5819
3863,5820
3864,5821
3865,5822
3866,5823
3867,5824
3868,5825
3869,5826
3870,5827
3871,5828
3872,5829
3873,5830
3874,5831
3875,5832
3876,5833
3877,5834
3878,5835
3879,5836
3880,5837
3881,5838
3882,5839
3883,5840
3884,5841
3885,5842
3886,5843
3887,5844
3888,5845
3889,5846
3890,5847
3891,5848
3892,5849
3893,5850
3894,5851
3895,5852
3896,5853
3897,5854
3898,5855
3899,5856
3900,5857
3901,5858
3902,5859
3903,5860
3904,5861
3905,5862
3906,5863
3907,5864
3908,5865
3909,5866
3910,5867
3911,5868
3912,5869
3913,5870
3914,5871
3915,5872
3916,5873
3917,5874
3918,5875
3919,5876
3920,5877
3921,5878
3922,5879
3923,5880
3924,5881
3925,5882
3926,5883
3927,5884
3928,5885
3929,5886
3930,5887
3931,5888
3932,5889
3933,5890
3934,5891
3935,5892
3936,5893
3937,5894
3938,5895
3939,5896
3940,5897
3941,5898
3942,5899
3943,5900
3944,5901
3945,5902
3946,5903
3947,5904
3948,5905
3949,5906
3950,5907
3951,5908
3952,5909
3953,5910
3954,5911
3955,5912
3956,5913
3957,5914
3958,5915
3959,5916
3960,5917
3961,5918
3962,5919
3963,5920
3964,5921
3965,5922
3966,5923
3967,5924
3968,5925
3969,5926
3970,5927
3971,5928
3972,5929
3973,5930
3974,5931
3975,5932
3976,5933
3977,5934
3978,5935
3979,5936
3980,5937
3981,5938
3982,5939
3983,5940
3984,5941
3985,5942
3986,5943
3987,5944
3988,5945
3989,5946
3990,5947
3991,5948
3992,5949
3993,5950
3994,5951
3995,5952
3996,5953
3997,5954
3998,5955
3999,5956
4000,5957
4001,5958
4002,5959
4003,5960
4004,5961
4005,5962
4006,5963
4007,5964
4008,5965
4009,5966
4010,5967
4011,5968
4012,5969
4013,5970
4014,5971
4015,5972
4016,5973
4017,5974
4018,5975
4019,5976
4020,5977
4021,5978
4022,5979
4023,5980
4024,5981
4025,5982
4026,5983
4027,5984
4028,5985
4029,5986
4030,5987
4031,5988
4032,5989
4033,5990
4034,5991
4035,5992
4036,5993
4037,5994
4038,5995
4039,5996
4041,5997
4042,5998
4043,5999
4044,6000
4045,6001
4046,6002
4047,6003
4048,6004
4049,6005
4050,6006
4051,6007
4052,6008
4053,6009
4054,6010
4055,6011
4056,6012
4057,6013
4058,6014
4059,6015
4060,6016
4061,6017
4062,6018
4063,6019
4064,6020
4065,6021
4066,6022
4067,6023
4068,6024
4069,6025
4070,6026
4071,6027
4072,6028
4073,6029
4074,6030
4076,6031
4077,6032
4078,6033
4079,6034
4080,6035
4081,6036
4082,6037
4083,6038
4084,6039
4085,6040
4086,6041
4087,6042
4088,6043
4089,6044
4090,6045
4091,6046
4092,6047
4093,6048
4094,6049
4095,6050
4096,6051
4097,6052
4098,6053
4099,6054
4100,6055
4101,6056
4102,6057
4103,6058
4104,6059
4105,6060
4106,6061
4107,6062
4108,6063
4109,6064
4110,6065
4111,6066
4112,6067
4113,6068
4114,6069
4115,6070
4116,6071
4117,6072
4118,6073
4119,6074
4120,6075
4121,6076
4122,6077
4123,6078
4124,6079
4125,6080
4126,6081
4127,6082
4128,6083
4129,6084
4130,6085
4131,6086
4132,6087
4133,6088
4134,6089
4135,6090
4136,6091
4137,6092
4139,6093
4140,6094
4141,6095
4142,6096
4143,6097
4144,6098
4145,6099
4146,6100
4147,6101
4148,6102
4149,6103
4150,6104
4151,6105
4152,6106
4153,6107
4154,6108
4155,6109
4157,6110
4158,6111
4159,6112
4160,6113
4161,6114
4162,6115
4163,6116
4164,6117
4165,6118
4166,6119
4167,6120
4168,6121
4169,6122
4170,6123
4171,6124
4172,6125
4173,6126
4174,6127
4175,6128
4176,6129
4177,6130
4178,6131
4179,6132
4180,6133
4181,6134
4182,6135
4183,6136
4184,6137
4185,6138
4186,6139
4187,6140
4188,6141
4189,6142
4190,6143
4191,6144
4192,6145
4193,6146
4194,6147
4195,6148
4196,6149
4197,6150
4198,6151
4199,6152
4200,6153
4201,6154
4202,6155
4203,6156
4204,6157
4205,6158
4206,6159
4207,6160
4208,6161
4209,6162
4210,6163
4211,6164
4212,6165
4213,6166
4214,6167
4215,6168
4216,6169
4217,6170
4218,6171
4219,6172
4220,6173
4221,6174
4222,6175
4223,6176
4224,6177
4225,6178
4226,6179
4227,6180
4228,6181
4229,6182
4230,6183
4231,6184
4232,6185
4233,6186
4234,6187
4235,6188
4236,6189
4237,6190
4238,6191
4239,6192
4240,6193
4241,6194
4242,6195
4243,6196
4244,6197
4245,6198
4246,6199
4247,6200
4248,6201
4249,6202
4250,6203
4251,6204
4252,6205
4253,6206
4254,6207
4255,6208
4256,6209
4257,6210
4258,6211
4259,6212
4260,6213
4261,6214
4262,6215
4263,6216
4264,6217
4265,6218
4266,6219
4267,6220
4268,6221
4269,6222
4270,6223
4271,6224
4272,6225
4273,6226
4274,6227
4275,6228
4276,6229
4277,6230
4278,6231
4279,6232
4280,6233
4281,6234
4282,6235
4284,6236
4285,6237
4286,6238
4287,6239
4288,6240
4289,6241
4290,6242
4291,6243
4292,6244
4293,6245
4294,6246
4295,6247
4296,6248
4297,6249
4298,6250
4299,6251
4300,6252
4301,6253
4302,6254
4303,6255
4305,6256
4306,6257
4307,6258
4308,6259
4309,6260
4310,6261
4311,6262
4312,6263
4313,6264
4314,6265
4315,6266
4316,6267
4317,6268
4318,6269
4319,6270
4320,6271
4321,6272
4322,6273
4323,6274
4324,6275
4325,6276
4326,6277
4327,6278
4328,6279
4329,6280
4330,6281
4331,6282
4333,6283
4334,6284
4335,6285
4336,6286
4337,6287
4338,6288
4339,6289
4341,6290
4342,6291
4343,6292
4344,6293
4345,6294
4346,6295
4347,6296
4348,6297
4349,6298
4350,6299
4351,6300
4352,6301
4353,6302
4354,6303
4355,6304
4356,6305
4357,6306
4358,6307
4359,6308
4360,6309
4361,6310
4362,6311
4363,6312
4364,6313
4365,6314
4366,6315
4367,6316
4368,6317
4369,6318
4370,6319
4371,6320
4372,6321
4373,6322
4374,6323
4375,6324
4376,6325
4377,6326
4378,6327
4379,6328
4380,6329
4381,6330
4382,6331
4383,6332
4384,6333
4385,6334
4386,6335
4387,6336
4388,6337
4389,6338
4390,6339
4391,6340
4392,6341
4393,6342
4394,6343
4395,6344
4396,6345
4397,6346
4398,6347
4399,6348
4400,6349
4401,6350
4402,6351
4403,6352
4404,6353
4405,6354
4406,6355
4407,6356
4408,6357
4409,6358
4410,6359
4411,6360
4412,6361
4413,6362
4414,6363
4415,6364
4416,6365
4417,6366
4418,6367
4419,6368
4420,6369
4421,6370
4422,6371
4423,6372
4424,6373
4425,6374
4426,6375
4427,6376
4428,6377
4429,6378
4430,6379
4431,6380
4432,6381
4433,6382
4434,6383
4435,6384
4436,6385
4437,6386
4438,6387
4439,6388
4440,6389
4441,6390
4442,6391
4443,6392
4444,6393
4445,6394
4446,6395
4447,6396
4448,6397
4449,6398
4450,6399
4451,6400
4452,6401
4453,6402
4454,6403
4455,6404
4456,6405
4457,6406
4458,6407
4459,6408
4460,6409
4461,6410
4462,6411
4463,6412
4464,6413
4465,6414
4466,6415
4467,6416
4468,6417
4469,6418
4470,6419
4471,6420
4472,6421
4473,6422
4474,6423
4476,6424
4477,6425
4479,6426
4480,6427
4481,6428
4482,6429
4483,6430
4484,6431
4485,6432
4486,6433
4487,6434
4488,6435
4489,6436
4490,6437
4491,6438
4492,6439
4493,6440
4494,6441
4495,6442
4496,6443
4497,6444
4498,6445
4499,6446
4500,6447
4501,6448
4502,6449
4503,6450
4504,6451
4505,6452
4506,6453
4507,6454
4508,6455
4509,6456
4510,6457
4511,6458
4512,6459
4513,6460
4514,6461
4515,6462
4516,6463
4517,6464
4518,6465
4519,6466
4520,6467
4522,6468
4523,6469
4524,6470
4525,6471
4526,6472
4527,6473
4528,6474
4529,6475
4530,6476
4531,6477
4532,6478
4533,6479
4534,6480
4535,6481
4536,6482
4537,6483
4538,6484
4539,6485
4540,6486
4541,6487
4542,6488
4543,6489
4544,6490
4545,6491
4546,6492
4547,6493
4548,6494
4549,6495
4550,6496
4551,6497
4552,6498
4553,6499
4554,6500
4555,6501
4556,6502
4557,6503
4558,6504
4559,6505
4560,6506
4561,6507
4562,6508
4563,6509
4564,6510
4565,6511
4566,6512
4567,6513
4568,6514
4569,6515
4570,6516
4571,6517
4572,6518
4573,6519
4574,6520
4575,6521
4576,6522
4577,6523
4578,6524
4579,6525
4580,6526
4581,6527
4582,6528
4583,6529
4584,6530
4585,6531
4586,6532
4587,6533
4588,6534
4589,6535
4590,6536
4591,6537
4592,6538
4593,6539
4594,6540
4595,6541
4596,6542
4597,6543
4598,6544
4599,6545
4600,6546
4601,6547
4602,6548
4603,6549
4604,6550
4605,6551
4606,6552
4607,6553
4608,6554
4609,6555
4610,6556
4611,6557
4612,6558
4613,6559
4614,6560
4615,6561
4616,6562
4617,6563
4618,6564
4619,6565
4620,6566
4621,6567
4623,6568
4624,6569
4625,6570
4626,6571
4627,6572
4628,6573
4629,6574
4630,6575
4631,6576
4632,6577
4633,6578
4634,6579
4635,6580
4636,6581
4637,6582
4638,6583
4639,6584
4640,6585
4641,6586
4642,6587
4643,6588
4644,6589
4645,6590
4646,6591
4647,6592
4648,6593
4649,6594
4650,6595
4651,6596
4652,6597
4653,6598
4654,6599
4655,6600
4656,6601
4657,6602
4658,6603
4659,6604
4660,6605
4661,6606
4662,6607
4663,6608
4664,6609
4665,6610
4666,6611
4667,6612
4668,6613
4669,6614
4670,6615
4671,6616
4672,6617
4673,6618
4674,6619
4675,6620
4676,6621
4677,6622
4678,6623
4679,6624
4680,6625
4681,6626
4682,6627
4683,6628
4684,6629
4685,6630
4686,6631
4687,6632
4688,6633
4689,6634
4690,6635
4691,6636
4692,6637
4693,6638
4694,6639
4695,6640
4696,6641
4697,6642
4698,6643
4700,6644
4701,6645
4702,6646
4703,6647
4704,6648
4705,6649
4706,6650
4707,6651
4708,6652
4709,6653
4710,6654
4711,6655
4712,6656
4713,6657
4714,6658
4715,6659
4716,6660
4717,6661
4718,6662
4719,6663
4720,6664
4721,6665
4722,6666
4723,6667
4724,6668
4725,6669
4726,6670
4727,6671
4728,6672
4729,6673
4730,6674
4731,6675
4732,6676
4733,6677
4734,6678
4735,6679
4736,6680
4737,6681
4738,6682
4739,6683
4740,6684
4741,6685
4742,6686
4743,6687
4744,6688
4745,6689
4746,6690
4747,6691
4748,6692
4749,6693
4750,6694
4751,6695
4752,6696
4753,6697
4754,6698
4755,6699
4756,6700
4757,6701
4758,6702
4759,6703
4760,6704
4761,6705
4762,6706
4763,6707
4764,6708
4765,6709
4766,6710
4767,6711
4768,6712
4769,6713
4770,6714
4771,6715
4772,6716
4773,6717
4774,6718
4775,6719
4776,6720
4777,6721
4778,6722
4779,6723
4780,6724
4781,6725
4782,6726
4783,6727
4784,6728
4785,6729
4786,6730
4787,6731
4788,6732
4789,6733
4790,6734
4791,6735
4792,6736
4793,6737
4794,6738
4795,6739
4796,6740
4797,6741
4798,6742
4799,6743
4800,6744
4801,6745
4802,6746
4803,6747
4804,6748
4805,6749
4806,6750
4807,6751
4808,6752
4809,6753
4810,6754
4811,6755
4812,6756
4813,6757
4814,6758
4815,6759
4816,6760
4817,6761
4818,6762
4819,6763
4820,6764
4821,6765
4822,6766
4823,6767
4824,6768
4825,6769
4826,6770
4827,6771
4828,6772
4829,6773
4830,6774
4831,6775
4832,6776
4833,6777
4834,6778
4835,6779
4836,6780
4837,6781
4838,6782
4839,6783
4840,6784
4841,6785
4842,6786
4843,6787
4844,6788
4845,6789
4846,6790
4847,6791
4848,6792
4849,6793
4850,6794
4851,6795
4852,6796
4853,6797
4854,6798
4855,6799
4856,6800
4857,6801
4858,6802
4859,6803
4860,6804
4862,6805
4863,6806
4864,6807
4865,6808
4866,6809
4867,6810
4868,6811
4869,6812
4870,6813
4871,6814
4872,6815
4873,6816
4874,6817
4875,6818
4876,6819
4877,6820
4878,6821
4879,6822
4880,6823
4881,6824
4882,6825
4883,6826
4884,6827
4885,6828
4886,6829
4887,6830
4888,6831
4889,6832
4890,6833
4891,6834
4892,6835
4893,6836
4894,6837
4895,6838
4896,6839
4897,6840
4898,6841
4899,6842
4900,6843
4901,6844
4902,6845
4903,6846
4904,6847
4905,6848
4906,6849
4907,6850
4908,6851
4909,6852
4910,6853
4911,6854
4912,6855
4913,6856
4914,6857
4915,6858
4916,6859
4917,6860
4918,6861
4919,6862
4920,6863
4921,6864
4922,6865
4923,6866
4924,6867
4925,6868
4926,6869
4927,6870
4928,6871
4929,6872
4930,6873
4931,6874
4932,6875
4933,6876
4934,6877
4935,6878
4936,6879
4937,6880
4938,6881
4939,6882
4940,6883
4941,6884
4942,6885
4943,6886
4944,6887
4945,6888
4946,6889
4947,6890
4948,6891
4949,6892
4950,6893
4951,6894
4952,6895
4953,6896
4954,6897
4955,6898
4956,6899
4957,6900
4958,6901
4959,6902
4960,6903
4961,6904
4962,6905
4963,6906
4964,6907
4965,6908
4966,6909
4967,6910
4968,6911
4969,6912
4970,6913
4971,6914
4972,6915
4973,6916
4974,6917
4975,6918
4976,6919
4977,6920
4978,6921
4979,6922
4980,6923
4981,6924
4982,6925
4984,6926
4985,6927
4986,6928
4987,6929
4988,6930
4989,6931
4990,6932
4991,6933
4992,6934
4993,6935
4994,6936
4995,6937
4996,6938
4997,6939
4998,6940
4999,6941